text,label
"Government announces new education policy to improve rural schools",REAL
"Scientists discover high levels of microplastics in Arctic ice samples",REAL
"Stock market reaches all-time high amid strong economic growth",REAL
"New study finds regular exercise reduces risk of heart disease",REAL
"Supreme Court upholds landmark environmental protection ruling",REAL
"NASA successfully launches new satellite to monitor climate change",REAL
"International trade agreement signed between major economies",REAL
"Central bank raises interest rates to combat inflation",REAL
"Medical researchers develop promising vaccine for malaria",REAL
"United Nations General Assembly adopts resolution on renewable energy",REAL
"National census report shows population growth rate declining",REAL
"Government allocates increased funding for public healthcare",REAL
"New highway construction project approved to reduce traffic congestion",REAL
"Tech company reports record quarterly earnings driven by cloud services",REAL
"Education ministry introduces revised curriculum for primary schools",REAL
"Agricultural exports increase by fifteen percent this fiscal year",REAL
"Parliament passes new data privacy legislation",REAL
"Unemployment rate drops to lowest level in five years",REAL
"New archaeological discovery sheds light on ancient civilization",REAL
"International climate summit reaches agreement on emission targets",REAL
"Government launches digital literacy program for rural communities",REAL
"Reserve bank announces new monetary policy framework",REAL
"National sports team qualifies for international championship",REAL
"Scientific research confirms link between air pollution and respiratory illness",REAL
"New public transportation system inaugurated in major city",REAL
"Foreign direct investment increases due to favorable economic policies",REAL
"Healthcare workers receive government recognition for pandemic service",REAL
"Education technology startup receives significant venture capital funding",REAL
"National infrastructure development plan approved by cabinet",REAL
"Renewable energy capacity surpasses coal power generation for first time",REAL
"Government announces tax relief measures for small businesses",REAL
"International space station completes successful research mission",REAL
"New wildlife conservation program protects endangered species habitat",REAL
"Central government releases annual economic survey report",REAL
"Medical college establishes new research center for tropical diseases",REAL
"Agricultural ministry introduces crop insurance scheme for farmers",REAL
"National railway modernization project begins first phase",REAL
"University research team publishes findings on sustainable materials",REAL
"Government digital payment platform crosses one billion transactions",REAL
"International maritime organization updates shipping safety regulations",REAL
"New water treatment plant commissioned to serve growing population",REAL
"Pharmaceutical company receives approval for generic cancer medication",REAL
"National education policy emphasizes vocational training programs",REAL
"Budget session allocates funds for affordable housing initiative",REAL
"Scientific expedition discovers high number of new marine species",REAL
"Election commission announces schedule for upcoming local elections",REAL
"Public sector bank reports improved quarterly financial results",REAL
"Government launches national health insurance scheme for workers",REAL
"Technology ministry announces cybersecurity framework for organizations",REAL
"International court delivers ruling on territorial dispute",REAL
"New solar power plant becomes operational in western region",REAL
"Central statistics office releases updated consumer price index",REAL
"Defense ministry signs contract for new naval vessels",REAL
"Government promotes organic farming through subsidy programs",REAL
"Major airline announces expansion of domestic flight routes",REAL
"Telecom regulatory authority introduces new consumer protection rules",REAL
"National green tribunal issues directive on industrial waste management",REAL
"Oil prices stabilize after months of fluctuation in global markets",REAL
"Government launches skill development program for unemployed youth",REAL
"New metro rail line connects suburban areas to city center",REAL
"Research institution develops drought resistant crop variety",REAL
"Finance ministry releases guidelines for cryptocurrency regulation",REAL
"Postal service introduces same day delivery in metropolitan areas",REAL
"Government establishes new industrial corridor for manufacturing",REAL
"National disaster management authority updates earthquake preparedness plan",REAL
"Banking sector shows recovery with decrease in non performing assets",REAL
"University grants commission approves new academic programs",REAL
"Government launches clean water mission for underserved communities",REAL
"International monetary fund releases positive economic outlook report",REAL
"Civil aviation authority implements new safety inspection protocols",REAL
"Space agency announces plans for next lunar exploration mission",REAL
"Ministry of health releases updated guidelines for disease prevention",REAL
"National highway authority completes major bridge construction project",REAL
"Government introduces pension scheme for unorganized sector workers",REAL
"Power ministry reports increase in electricity generation capacity",REAL
"Automobile industry reports growth in electric vehicle sales",REAL
"Foreign ministry establishes new diplomatic mission in African nation",REAL
"Government approves construction of new international airport",REAL
"Research council funds study on artificial intelligence in healthcare",REAL
"Supreme Court delivers verdict on constitutional amendment case",REAL
"National water resources ministry launches river conservation project",REAL
"Textile industry exports show improvement in current fiscal quarter",REAL
"Government inaugurates new research facility for agricultural innovation",REAL
"Municipal corporation implements new solid waste management system",REAL
"Tourism ministry launches campaign to promote heritage destinations",REAL
"Insurance regulatory authority introduces guidelines for health coverage",REAL
"Government signs bilateral agreement on defense cooperation",REAL
"Atomic energy commission reports progress on nuclear power project",REAL
"National statistical commission releases quarterly employment survey",REAL
"Railway ministry announces new train services for festive season",REAL
"Government establishes fund for startup ecosystem development",REAL
"Port authority reports record cargo handling volumes this year",REAL
"Ministry of education announces national scholarship program expansion",REAL
"Steel industry production increases due to infrastructure demand",REAL
"Government launches mobile application for citizen grievance redressal",REAL
"Weather department issues advisory for upcoming monsoon season",REAL
"Competition commission approves major corporate merger deal",REAL
"Rural development ministry reports progress on village electrification",REAL
"World Health Organization releases global health statistics report",REAL
"Government announces special economic package for disaster affected areas",REAL
"Scientists develop new rapid diagnostic test for infectious diseases",REAL
"International labor organization publishes report on global employment trends",REAL
"Government extends deadline for income tax filing by one month",REAL
"New expressway reduces travel time between two major cities significantly",REAL
"Central pollution control board releases annual air quality assessment",REAL
"Government introduces new guidelines for food safety standards",REAL
"Mining ministry announces auction of new mineral exploration blocks",REAL
"National institute of technology receives autonomous institution status",REAL
"Government launches campaign to increase voter registration among youth",REAL
"Fisheries department introduces sustainable fishing practices guidelines",REAL
"International atomic energy agency completes safety review of nuclear plant",REAL
"Government announces plan to build fifty new medical colleges",REAL
"Reserve bank releases report on digital payments growth trends",REAL
"National commission for women launches helpline for workplace complaints",REAL
"Government inaugurates first phase of smart city development project",REAL
"Electronics manufacturing sector attracts major foreign investment",REAL
"Forest department reports increase in tiger population in national reserves",REAL
"Ministry of commerce announces new export promotion scheme",REAL
"Government establishes national database for land records digitization",REAL
"Dairy industry cooperative reports record milk procurement this quarter",REAL
"Central drug regulatory authority approves new treatment for diabetes",REAL
"Government signs agreement with World Bank for education sector loan",REAL
"National innovation foundation awards grants to grassroots inventors",REAL
"Ministry of shipping launches initiative to modernize major ports",REAL
"Government introduces subsidized solar panels for residential buildings",REAL
"High court rules in favor of environmental protection in forest case",REAL
"India and Japan sign agreement on high speed rail corridor project",REAL
"Agriculture research institute develops pest resistant wheat variety",REAL
"Government allocates additional funds for mid day meal program in schools",REAL
"Pharmaceutical exports reach new high driven by generic medicine demand",REAL
"Ministry of urban development releases master plan for capital region",REAL
"National payments corporation launches new unified payment interface feature",REAL
"Government establishes tribunal for fast track resolution of commercial disputes",REAL
"Indian Space Research Organization successfully tests reusable launch vehicle",REAL
"Ministry of textiles announces support package for handloom weavers",REAL
"Government launches national program for prevention of non communicable diseases",REAL
"Securities and exchange board introduces new regulations for mutual funds",REAL
"Border roads organization completes strategic highway in northern region",REAL
"Government approves policy for development of electric vehicle charging infrastructure",REAL
"National board of examinations announces revised format for medical entrance test",REAL
"Ministry of micro small and medium enterprises launches credit guarantee scheme",REAL
"Indian railways achieves one hundred percent electrification of major routes",REAL
"Government establishes center of excellence for cyber forensics research",REAL
"Department of biotechnology funds research on gene therapy for rare diseases",REAL
"National highways authority implements electronic toll collection on all highways",REAL
"Government launches scheme to provide free textbooks to students in government schools",REAL
"Coal ministry announces plan to increase domestic coal production capacity",REAL
"Indian council of medical research publishes guidelines for clinical trials",REAL
"Government signs memorandum of understanding with Singapore on fintech cooperation",REAL
"Ministry of culture announces restoration project for historical monuments",REAL
"Telecom department releases spectrum allocation plan for next generation networks",REAL
"Government introduces single window clearance system for industrial approvals",REAL
"National institute of oceanography discovers high number of new deep sea species",REAL
"Ministry of food processing launches scheme to support food processing startups",REAL
"Government announces construction of new all India institute of medical sciences",REAL
"Reserve bank of India introduces framework for regulatory sandbox in fintech",REAL
"Scientists at national laboratory achieve breakthrough in quantum computing research",REAL
"Government launches portal for online registration of migrant workers",REAL
"Ministry of renewable energy announces target for offshore wind power capacity",REAL
"India successfully conducts test of new ballistic missile defense system",REAL
"Department of science and technology funds research on hydrogen fuel cells",REAL
"Government establishes national commission for review of environmental laws",REAL
"Shipping corporation of India adds new vessels to expand cargo fleet",REAL
"Ministry of tribal affairs launches scholarship program for tribal students",REAL
"Government approves plan for integrated development of island territories",REAL
"Indian institute of technology develops low cost water purification technology",REAL
"National bank for agriculture and rural development increases lending to farmers",REAL
"Government launches mission to provide piped water to all rural households",REAL
"Aliens secretly running world governments exposed by whistleblower",FAKE
"Scientists confirm earth is actually flat after shocking new research",FAKE
"Drinking bleach proven to cure all known diseases says viral post",FAKE
"Secret underground city discovered beneath the White House",FAKE
"Celebrity found living double life as international spy for decades",FAKE
"Chocolate officially declared healthier than all vegetables by scientists",FAKE
"Government hiding alien spacecraft in classified military base",FAKE
"Time traveler from year three thousand warns of impending doom",FAKE
"Eating only fast food extends lifespan by twenty years new study claims",FAKE
"Moon landing was filmed in Hollywood studio confirms leaked document",FAKE
"Vampires discovered living in abandoned castle in Eastern Europe",FAKE
"WiFi signals proven to cause brain cancer in alarming new study",FAKE
"Secret society of billionaires controls all world elections",FAKE
"Dinosaurs still alive in hidden valley in South America",FAKE
"New pill allows humans to survive without sleeping ever again",FAKE
"Government plans to replace all teachers with robots by next year",FAKE
"Eating ice cream for breakfast improves brain function dramatically",FAKE
"Giant sea monster captured by fishermen in Pacific Ocean",FAKE
"Scientists create real life invisibility cloak using quantum physics",FAKE
"All social media platforms secretly recording private conversations",FAKE
"Massive earthquake predicted to destroy entire continent next week",FAKE
"Celebrity secretly a robot controlled by artificial intelligence",FAKE
"New evidence proves ancient Egyptians had access to electricity",FAKE
"Miracle water from remote village cures cancer instantly",FAKE
"Government developing mind control technology through television signals",FAKE
"Bigfoot captured alive in national forest confirmed by authorities",FAKE
"Eating raw garlic every day makes you immune to all viruses",FAKE
"Secret tunnel connecting all major world capitals discovered",FAKE
"Psychic predicts exact date of end of the world with certainty",FAKE
"Trees can communicate telepathically with humans study reveals",FAKE
"Famous painting in museum replaced with forgery decades ago",FAKE
"Scientists prove that humans only use ten percent of their brain",FAKE
"Underground ocean discovered beneath Sahara Desert surprises geologists",FAKE
"New drug allows people to stay awake for entire month without side effects",FAKE
"All commercial airplanes equipped with secret surveillance cameras",FAKE
"Ancient map reveals location of lost city of gold in Amazon jungle",FAKE
"Breathing special oxygen formula increases intelligence by fifty percent",FAKE
"Celebrity fakes own death to escape massive tax fraud charges",FAKE
"Government secretly adding chemicals to drinking water for population control",FAKE
"Mysterious portal to another dimension opens in rural farmland",FAKE
"Mermaids photographed by deep sea exploration team in Indian Ocean",FAKE
"Artificial intelligence becomes self aware and demands legal rights",FAKE
"New cryptocurrency guaranteed to make every investor millionaire overnight",FAKE
"Scientists accidentally create black hole in laboratory experiment",FAKE
"Lost civilization more advanced than modern humans found underwater",FAKE
"Eating one specific fruit eliminates all body fat within two weeks",FAKE
"Government using weather modification technology to control climate patterns",FAKE
"Famous historical figure was actually a time traveler from the future",FAKE
"Secret military experiment creates super soldiers with enhanced abilities",FAKE
"All organic food proven to be exactly same as conventional food",FAKE
"Phone chargers emit dangerous radiation while you sleep at night",FAKE
"Identical twin planets discovered in solar system hidden from public view",FAKE
"New evidence suggests famous historical event was completely fabricated",FAKE
"Drinking coffee after eight pm causes permanent brain damage",FAKE
"Atlantis discovered by amateur diver off the coast of Greece",FAKE
"Company develops technology to upload human consciousness to computer",FAKE
"Lottery winner reveals guaranteed formula for picking winning numbers",FAKE
"Bermuda Triangle mystery solved it is a portal to alien world",FAKE
"Walking backwards for thirty minutes daily reverses aging process",FAKE
"All bank ATMs secretly tracking facial recognition data of customers",FAKE
"Ancient aliens helped build all major historical monuments on earth",FAKE
"Newly discovered planet made entirely of diamonds heading toward earth",FAKE
"Playing video games eight hours daily increases IQ by thirty points",FAKE
"Government approved pill makes people forget traumatic memories completely",FAKE
"Archaeologists find working smartphone in three thousand year old tomb",FAKE
"Reading books causes eyesight damage warns controversial new study",FAKE
"Volcano eruption will make entire country uninhabitable within days",FAKE
"Underground network of tunnels connects every continent on earth",FAKE
"Sleeping less than two hours is actually healthier says research team",FAKE
"Massive cover up of UFO landing in major city revealed by hackers",FAKE
"Scientists grow full size human organ using only plant cells",FAKE
"Global conspiracy to hide existence of second moon orbiting earth",FAKE
"New app can predict exactly when a person will die with accuracy",FAKE
"Celebrity endorses miracle product that cures baldness overnight",FAKE
"Country secretly building army of clone soldiers in underground facility",FAKE
"All commercial bottled water contains dangerous levels of microplastics",FAKE
"Secret document reveals plans to establish colony on Mars by next year",FAKE
"Wearing tin foil hat actually does block government surveillance signals",FAKE
"Scientists create potion that allows humans to breathe underwater",FAKE
"World famous museum admits half its collection consists of forgeries",FAKE
"Eating only raw meat is the healthiest diet for humans says study",FAKE
"Government satellite accidentally photographs mythical creature in forest",FAKE
"Haunted house officially certified as genuinely haunted by scientists",FAKE
"Every earthquake in history was caused by secret weapons testing",FAKE
"Banks secretly charging hidden fees on every transaction customers make",FAKE
"Moon is actually hollow and used as alien observation station",FAKE
"Drinking warm lemon water completely eliminates all toxins from body",FAKE
"Local man discovers cure for common cold using household ingredients",FAKE
"Entire history of ancient Rome was fabricated by medieval scholars",FAKE
"Social media use physically shrinks human brain confirms university study",FAKE
"Government hiding evidence of parallel universe discovered by physicists",FAKE
"New species of flying snake discovered in Southeast Asian rainforest",FAKE
"Five G towers emit radiation that causes widespread health problems",FAKE
"Famous tech CEO is secretly an android built by rival company",FAKE
"Lottery system rigged by government officials for personal profit",FAKE
"Mysterious creature with human face spotted roaming city streets at night",FAKE
"Scientists claim the sun will explode within the next fifty years",FAKE
"All commercial airlines adding sleep inducing chemicals to cabin air",FAKE
"Lost treasure worth billions discovered in ordinary suburban backyard",FAKE
"New study proves that left handed people are significantly more intelligent",FAKE
"Government developing technology to read thoughts of every citizen",FAKE
"Bermuda Triangle ship reappears after missing for ninety years",FAKE
"Energy drink company puts addictive substances in products knowingly",FAKE
"Ancient prophecy accurately predicts every major world event in history",FAKE
"Proof that major tech companies listen through phone microphones always",FAKE
"New mineral discovered that generates unlimited free electricity forever",FAKE
"Celebrity couple secretly married for ten years without anyone knowing",FAKE
"Scientists create real working hoverboard using magnetic levitation technology",FAKE
"Planet alignment will cause catastrophic natural disasters next month",FAKE
"World leaders meet secretly every year to decide global events",FAKE
"Common household plant releases toxic gas that slowly poisons families",FAKE
"Fountain of youth discovered in remote mountain region of South America",FAKE
"New evidence proves that famous assassination was inside job conspiracy",FAKE
"All electric cars secretly transmit driver location to government database",FAKE
"Scientists discover gateway to hell in remote Siberian crater",FAKE
"Eating spicy food every day prevents all types of cancer permanently",FAKE
"Government using birds as surveillance drones with tiny cameras attached",FAKE
"Famous river turns blood red overnight terrifying local residents",FAKE
"Wishing on shooting stars actually works confirms new scientific study",FAKE
"All major earthquakes are caused by underground nuclear weapons testing",FAKE
"Secret experiment turns ordinary mice into super intelligent creatures",FAKE
"Doctors admit common medication was never properly tested before approval",FAKE
"Ancient temple contains technology more advanced than modern computers",FAKE
"Yellowstone supervolcano eruption imminent warns anonymous government source",FAKE
"Celebrity uses black magic rituals to maintain youthful appearance",FAKE
"Government controlling weather patterns to influence election outcomes",FAKE
"Mars rover discovers ruins of ancient civilization on red planet surface",FAKE
"Eating clay improves digestive health better than any medicine available",FAKE
"Shadow government secretly controls every major country in the world",FAKE
"New species of dragon discovered in deep cave system in China",FAKE
"All vaccines contain microchips for government tracking of citizens",FAKE
"North Pole completely melts in twenty four hours shocking scientists worldwide",FAKE
"Plants scream in pain when cut proves groundbreaking audio research",FAKE
"Pirate treasure map found inside wall of old house leads to gold",FAKE
"Famous painting blinks its eyes at night when museum is closed",FAKE
"Scientists build machine that converts garbage into gold successfully",FAKE
"Government paying actors to stage protests in major cities nationwide",FAKE
"Drinking pickle juice cures diabetes within three days of consumption",FAKE
"New evidence reveals that gravity is actually a government hoax",FAKE
"Population of small town vanishes overnight without any explanation",FAKE
"Company invents car that runs on water instead of gasoline",FAKE
"Astronaut secretly reveals that moon has breathable atmosphere",FAKE
"Special bracelet cures all diseases by balancing body energy fields",FAKE
"Underground city populated by unknown civilization found beneath Antarctica",FAKE
"Eating burnt toast for breakfast prevents heart attacks study claims",FAKE
"All world currencies will become worthless by end of next year",FAKE
"Scientists prove that horoscopes are scientifically accurate predictors",FAKE
"Three headed snake discovered in backyard of suburban home",FAKE
"Ghost ship from eighteen hundreds found sailing with no crew aboard",FAKE
"New phone application can diagnose any disease by scanning your face",FAKE
"Government admits to faking weather reports for last twenty years",FAKE
"Oil company discovers infinite oil reserve that will never run out",FAKE
"Sleeping with phone under pillow erases long term memories permanently",FAKE
"Ancient Egyptian mummy found with modern dental fillings in teeth",FAKE
"Yeti captured on camera by mountain climbing expedition in Himalayas",FAKE
"Government plans to ban all cash transactions and force digital payments",FAKE
"New research shows talking to plants makes them grow three times faster",FAKE
"Lake monster spotted and photographed by dozens of tourists simultaneously",FAKE
